license_number,hospital_id,department,profile_url,name,email,password,contact,gender,bio,availability,enrolled_at
1,1,내과,https://randomuser.me/api/portraits/men/4.jpg,박정식,JacobPark@naver.com,133326,031-228-5716,남,건국대 의대 졸업 (2021년),"{'월': '09:00~17:00', '화': '09:00~17:00', '수': '09:00~17:00', '목': '09:00~17:00', '금': '휴진'}",2022-09-08
2,1,외과,https://randomuser.me/api/portraits/men/72.jpg,류우진,MiaRyu@naver.com,127824,031-228-5716,남,건국대 의대 졸업 (2022년),"{'월': '휴진', '화': '09:00~17:00', '수': '09:00~17:00', '목': '09:00~17:00', '금': '09:00~17:00'}",2023-04-22
3,2,내과,https://randomuser.me/api/portraits/men/1.jpg,김경희,DanielKim@gmail.com,391704,031-228-6717,남,한양대 의대 졸업 (2022년),"{'월': '09:00~17:00', '화': '휴진', '수': '09:00~17:00', '목': '09:00~17:00', '금': '09:00~17:00'}",2022-11-25
4,2,외과,https://randomuser.me/api/portraits/women/98.jpg,이광수,EmilyLee@gmail.com,325772,031-228-6717,여,세종대 의대 졸업 (2019년),"{'월': '09:00~17:00', '화': '09:00~17:00', '수': '09:00~17:00', '목': '09:00~17:00', '금': '휴진'}",2023-09-01
5,3,내과,https://randomuser.me/api/portraits/men/45.jpg,문정자,SamuelMoon@naver.com,476417,031-228-7716,남,한양대 의대 졸업 (2018년),"{'월': '09:00~17:00', '화': '휴진', '수': '09:00~17:00', '목': '09:00~17:00', '금': '09:00~17:00'}",2023-05-06
6,3,외과,https://randomuser.me/api/portraits/men/16.jpg,박영철,DavidPark@gmail.com,662275,031-228-7716,남,단국대 의대 졸업 (2021년),"{'월': '휴진', '화': '09:00~17:00', '수': '09:00~17:00', '목': '09:00~17:00', '금': '09:00~17:00'}",2022-01-20
7,4,내과,https://randomuser.me/api/portraits/women/74.jpg,남은서,ZoeNam@naver.com,479201,1899-3300,여,연세대 의대 졸업 (2022년),"{'월': '09:00~17:00', '화': '09:00~17:00', '수': '휴진', '목': '09:00~17:00', '금': '09:00~17:00'}",2023-11-16
8,4,외과,https://randomuser.me/api/portraits/men/38.jpg,김광수,LaylaKim@naver.com,910620,1899-3300,남,단국대 의대 졸업 (2019년),"{'월': '휴진', '화': '09:00~17:00', '수': '09:00~17:00', '목': '09:00~17:00', '금': '09:00~17:00'}",2023-06-13
9,4,내과,https://randomuser.me/api/portraits/men/82.jpg,김선영,IsaacKim@naver.com,575435,1899-3300,남,한양대 의대 졸업 (2020년),"{'월': '09:00~17:00', '화': '09:00~17:00', '수': '09:00~17:00', '목': '09:00~17:00', '금': '휴진'}",2022-03-29
10,4,외과,https://randomuser.me/api/portraits/women/35.jpg,한건우,SebastianHan@naver.com,802729,1899-3300,여,세종대 의대 졸업 (2019년),"{'월': '휴진', '화': '09:00~17:00', '수': '09:00~17:00', '목': '09:00~17:00', '금': '09:00~17:00'}",2022-11-12
11,5,내과,https://randomuser.me/api/portraits/men/35.jpg,류도윤,CharlotteRyu@naver.com,497887,031-729-3870,남,고려대 의대 졸업 (2021년),"{'월': '09:00~17:00', '화': '09:00~17:00', '수': '09:00~17:00', '목': '휴진', '금': '09:00~17:00'}",2022-09-26
12,5,외과,https://randomuser.me/api/portraits/women/5.jpg,류지혜,LaylaRyu@naver.com,340174,031-729-3870,여,연세대 의대 졸업 (2018년),"{'월': '09:00~17:00', '화': '09:00~17:00', '수': '09:00~17:00', '목': '휴진', '금': '09:00~17:00'}",2022-03-18
13,6,내과,https://randomuser.me/api/portraits/women/92.jpg,최영길,AlexanderChoi@gmail.com,694731,031-729-3930,여,서울대 의대 졸업 (2019년),"{'월': '09:00~17:00', '화': '09:00~17:00', '수': '09:00~17:00', '목': '09:00~17:00', '금': '휴진'}",2024-05-11
14,6,외과,https://randomuser.me/api/portraits/women/34.jpg,남지우,SebastianNam@naver.com,249811,031-729-3930,여,한양대 의대 졸업 (2021년),"{'월': '휴진', '화': '09:00~17:00', '수': '09:00~17:00', '목': '09:00~17:00', '금': '09:00~17:00'}",2022-11-17
15,6,내과,https://randomuser.me/api/portraits/women/75.jpg,차상현,JaydenLee@naver.com,549245,031-729-3930,여,단국대 의대 졸업 (2022년),"{'월': '09:00~17:00', '화': '09:00~17:00', '수': '휴진', '목': '09:00~17:00', '금': '09:00~17:00'}",2023-08-17
16,7,내과,https://randomuser.me/api/portraits/men/12.jpg,이영희,EthanLee@gmail.com,617488,031-729-3990,남,고려대 의대 졸업 (2022년),"{'월': '09:00~17:00', '화': '09:00~17:00', '수': '09:00~17:00', '목': '휴진', '금': '09:00~17:00'}",2023-12-15
17,7,외과,https://randomuser.me/api/portraits/men/88.jpg,박옥자,EmilyPark@naver.com,930555,031-729-3990,남,단국대 의대 졸업 (2019년),"{'월': '09:00~17:00', '화': '09:00~17:00', '수': '09:00~17:00', '목': '09:00~17:00', '금': '휴진'}",2022-08-25
18,7,내과,https://randomuser.me/api/portraits/women/68.jpg,이상현,HenryLee@naver.com,590785,031-729-3990,여,한양대 의대 졸업 (2022년),"{'월': '09:00~17:00', '화': '휴진', '수': '09:00~17:00', '목': '09:00~17:00', '금': '09:00~17:00'}",2022-11-01
19,8,내과,https://randomuser.me/api/portraits/men/35.jpg,최지민,JacobChoi@naver.com,887352,031-870-6010,남,단국대 의대 졸업 (2022년),"{'월': '09:00~17:00', '화': '09:00~17:00', '수': '휴진', '목': '09:00~17:00', '금': '09:00~17:00'}",2022-08-08
20,8,외과,https://randomuser.me/api/portraits/women/1.jpg,김아름,LiamKim@naver.com,575763,031-870-6010,여,한양대 의대 졸업 (2019년),"{'월': '09:00~17:00', '화': '휴진', '수': '09:00~17:00', '목': '09:00~17:00', '금': '09:00~17:00'}",2022-11-16
21,8,내과,https://randomuser.me/api/portraits/men/82.jpg,이경자,AvaLee@naver.com,982554,031-870-6010,남,연세대 의대 졸업 (2020년),"{'월': '09:00~17:00', '화': '휴진', '수': '09:00~17:00', '목': '09:00~17:00', '금': '09:00~17:00'}",2022-12-19
22,8,외과,https://randomuser.me/api/portraits/men/68.jpg,박주원,MichaelPark@naver.com,665579,031-870-6010,남,세종대 의대 졸업 (2019년),"{'월': '휴진', '화': '09:00~17:00', '수': '09:00~17:00', '목': '09:00~17:00', '금': '09:00~17:00'}",2022-11-06
23,8,내과,https://randomuser.me/api/portraits/women/40.jpg,김정훈,LiamKim@gmail.com,480612,031-870-6010,여,서울대 의대 졸업 (2018년),"{'월': '휴진', '화': '09:00~17:00', '수': '09:00~17:00', '목': '09:00~17:00', '금': '09:00~17:00'}",2023-04-01
24,9,내과,https://randomuser.me/api/portraits/men/94.jpg,김하은,CalebKim@naver.com,189814,031-8045-3472,남,건국대 의대 졸업 (2018년),"{'월': '휴진', '화': '09:00~17:00', '수': '09:00~17:00', '목': '09:00~17:00', '금': '09:00~17:00'}",2023-06-16
25,9,외과,https://randomuser.me/api/portraits/men/22.jpg,문영순,MasonMoon@naver.com,676510,031-8045-3472,남,고려대 의대 졸업 (2021년),"{'월': '09:00~17:00', '화': '09:00~17:00', '수': '09:00~17:00', '목': '휴진', '금': '09:00~17:00'}",2022-12-17
26,10,내과,https://randomuser.me/api/portraits/men/40.jpg,이보람,AvaLee@gmail.com,847581,031-8045-4472,남,건국대 의대 졸업 (2019년),"{'월': '09:00~17:00', '화': '09:00~17:00', '수': '09:00~17:00', '목': '휴진', '금': '09:00~17:00'}",2024-02-08
27,10,외과,https://randomuser.me/api/portraits/women/32.jpg,이정남,EllaLee@gmail.com,226882,031-8045-4472,여,건국대 의대 졸업 (2021년),"{'월': '09:00~17:00', '화': '휴진', '수': '09:00~17:00', '목': '09:00~17:00', '금': '09:00~17:00'}",2023-07-03
28,11,내과,https://randomuser.me/api/portraits/women/30.jpg,이준혁,ZoeLee@naver.com,680828,032-320-3000,여,서울대 의대 졸업 (2022년),"{'월': '휴진', '화': '09:00~17:00', '수': '09:00~17:00', '목': '09:00~17:00', '금': '09:00~17:00'}",2022-06-13
29,11,외과,https://randomuser.me/api/portraits/men/9.jpg,엄영철,EthanUm@naver.com,340062,032-320-3000,남,서울대 의대 졸업 (2018년),"{'월': '09:00~17:00', '화': '휴진', '수': '09:00~17:00', '목': '09:00~17:00', '금': '09:00~17:00'}",2022-11-30
30,12,내과,https://randomuser.me/api/portraits/men/86.jpg,한정자,SamuelHan@gmail.com,392004,032-320-3000,남,건국대 의대 졸업 (2019년),"{'월': '09:00~17:00', '화': '휴진', '수': '09:00~17:00', '목': '09:00~17:00', '금': '09:00~17:00'}",2024-01-08
31,12,외과,https://randomuser.me/api/portraits/men/61.jpg,고영길,IsaacKo@naver.com,704201,032-320-3000,남,단국대 의대 졸업 (2022년),"{'월': '09:00~17:00', '화': '휴진', '수': '09:00~17:00', '목': '09:00~17:00', '금': '09:00~17:00'}",2022-09-15
32,13,내과,https://randomuser.me/api/portraits/women/85.jpg,김성호,LeviKim@gmail.com,201639,032-320-3000,여,고려대 의대 졸업 (2018년),"{'월': '09:00~17:00', '화': '09:00~17:00', '수': '휴진', '목': '09:00~17:00', '금': '09:00~17:00'}",2023-04-15
33,14,내과,https://randomuser.me/api/portraits/women/7.jpg,문성민,GraceMoon@gmail.com,864491,1688-3399,여,한양대 의대 졸업 (2021년),"{'월': '09:00~17:00', '화': '09:00~17:00', '수': '09:00~17:00', '목': '09:00~17:00', '금': '휴진'}",2023-09-14
34,14,외과,https://randomuser.me/api/portraits/women/14.jpg,안수진,NoahAhn@naver.com,939482,1688-3399,여,단국대 의대 졸업 (2020년),"{'월': '09:00~17:00', '화': '09:00~17:00', '수': '휴진', '목': '09:00~17:00', '금': '09:00~17:00'}",2022-07-28
35,15,내과,https://randomuser.me/api/portraits/men/55.jpg,이춘자,AvaLee@naver.com,246991,031-8024-5559,남,건국대 의대 졸업 (2021년),"{'월': '휴진', '화': '09:00~17:00', '수': '09:00~17:00', '목': '09:00~17:00', '금': '09:00~17:00'}",2023-06-14
36,15,외과,https://randomuser.me/api/portraits/women/71.jpg,박건우,GracePark@gmail.com,564656,031-8024-5559,여,고려대 의대 졸업 (2018년),"{'월': '09:00~17:00', '화': '09:00~17:00', '수': '09:00~17:00', '목': '휴진', '금': '09:00~17:00'}",2023-02-27
37,16,내과,https://randomuser.me/api/portraits/men/53.jpg,김경숙,JacobKim@naver.com,274389,031-860-3437,남,서울대 의대 졸업 (2019년),"{'월': '09:00~17:00', '화': '09:00~17:00', '수': '09:00~17:00', '목': '휴진', '금': '09:00~17:00'}",2024-04-05
38,16,외과,https://randomuser.me/api/portraits/men/22.jpg,홍상철,DavidHong@gmail.com,161483,031-860-3437,남,연세대 의대 졸업 (2021년),"{'월': '09:00~17:00', '화': '휴진', '수': '09:00~17:00', '목': '09:00~17:00', '금': '09:00~17:00'}",2022-07-19
39,16,내과,https://randomuser.me/api/portraits/women/55.jpg,김준영,MasonKim@naver.com,399105,031-860-3437,여,세종대 의대 졸업 (2021년),"{'월': '휴진', '화': '09:00~17:00', '수': '09:00~17:00', '목': '09:00~17:00', '금': '09:00~17:00'}",2023-11-11
40,17,내과,https://randomuser.me/api/portraits/men/8.jpg,홍순자,EmilyHong@gmail.com,328275,1666-1234,남,고려대 의대 졸업 (2020년),"{'월': '09:00~17:00', '화': '휴진', '수': '09:00~17:00', '목': '09:00~17:00', '금': '09:00~17:00'}",2022-04-05
41,17,외과,https://randomuser.me/api/portraits/women/62.jpg,조지우,JohnCho@naver.com,712554,1666-1234,여,서울대 의대 졸업 (2018년),"{'월': '휴진', '화': '09:00~17:00', '수': '09:00~17:00', '목': '09:00~17:00', '금': '09:00~17:00'}",2023-08-16
42,18,내과,https://randomuser.me/api/portraits/men/24.jpg,김상호,CalebKim@naver.com,992697,1666-1234,남,건국대 의대 졸업 (2018년),"{'월': '09:00~17:00', '화': '09:00~17:00', '수': '휴진', '목': '09:00~17:00', '금': '09:00~17:00'}",2023-08-26
43,18,외과,https://randomuser.me/api/portraits/men/32.jpg,한미정,IsabellaHan@naver.com,697347,1666-1234,남,한양대 의대 졸업 (2018년),"{'월': '휴진', '화': '09:00~17:00', '수': '09:00~17:00', '목': '09:00~17:00', '금': '09:00~17:00'}",2023-08-24
44,19,내과,https://randomuser.me/api/portraits/men/67.jpg,이영식,EthanLee@naver.com,692683,031-8075-4006,남,한양대 의대 졸업 (2022년),"{'월': '09:00~17:00', '화': '09:00~17:00', '수': '09:00~17:00', '목': '휴진', '금': '09:00~17:00'}",2022-01-19
45,19,외과,https://randomuser.me/api/portraits/men/34.jpg,김옥자,SophiaKim@gmail.com,350280,031-8075-4006,남,단국대 의대 졸업 (2020년),"{'월': '09:00~17:00', '화': '09:00~17:00', '수': '09:00~17:00', '목': '09:00~17:00', '금': '휴진'}",2023-02-13
46,19,내과,https://randomuser.me/api/portraits/women/10.jpg,김상훈,JamesKim@naver.com,888387,031-8075-4006,여,한양대 의대 졸업 (2020년),"{'월': '09:00~17:00', '화': '09:00~17:00', '수': '휴진', '목': '09:00~17:00', '금': '09:00~17:00'}",2023-09-17
47,19,외과,https://randomuser.me/api/portraits/men/65.jpg,김민수,LaylaKim@gmail.com,323508,031-8075-4006,남,서울대 의대 졸업 (2022년),"{'월': '휴진', '화': '09:00~17:00', '수': '09:00~17:00', '목': '09:00~17:00', '금': '09:00~17:00'}",2022-10-25
48,20,내과,https://randomuser.me/api/portraits/women/37.jpg,김예원,GraceKim@naver.com,487477,031-8075-4086,여,서울대 의대 졸업 (2019년),"{'월': '휴진', '화': '09:00~17:00', '수': '09:00~17:00', '목': '09:00~17:00', '금': '09:00~17:00'}",2023-10-21
49,20,외과,https://randomuser.me/api/portraits/women/86.jpg,서성호,IsabellaSeo@gmail.com,108203,031-8075-4086,여,건국대 의대 졸업 (2022년),"{'월': '09:00~17:00', '화': '09:00~17:00', '수': '휴진', '목': '09:00~17:00', '금': '09:00~17:00'}",2022-08-18
50,20,내과,https://randomuser.me/api/portraits/men/14.jpg,김예원,NoraKim@gmail.com,221035,031-8075-4086,남,고려대 의대 졸업 (2020년),"{'월': '휴진', '화': '09:00~17:00', '수': '09:00~17:00', '목': '09:00~17:00', '금': '09:00~17:00'}",2022-07-11
51,21,내과,https://randomuser.me/api/portraits/women/92.jpg,이서현,NoahLee@naver.com,320861,031-8075-4160,여,세종대 의대 졸업 (2022년),"{'월': '09:00~17:00', '화': '09:00~17:00', '수': '휴진', '목': '09:00~17:00', '금': '09:00~17:00'}",2023-09-29
52,21,외과,https://randomuser.me/api/portraits/women/7.jpg,고서윤,JohnKo@naver.com,363319,031-8075-4160,여,건국대 의대 졸업 (2021년),"{'월': '09:00~17:00', '화': '09:00~17:00', '수': '09:00~17:00', '목': '09:00~17:00', '금': '휴진'}",2022-05-04
53,22,내과,https://randomuser.me/api/portraits/women/99.jpg,최현주,VictoriaChoi@gmail.com,449759,02-2150-3801,여,서울대 의대 졸업 (2018년),"{'월': '09:00~17:00', '화': '09:00~17:00', '수': '휴진', '목': '09:00~17:00', '금': '09:00~17:00'}",2023-04-29
54,22,외과,https://randomuser.me/api/portraits/men/91.jpg,하은영,GraceLee@gmail.com,678478,02-2150-3801,남,단국대 의대 졸업 (2021년),"{'월': '휴진', '화': '09:00~17:00', '수': '09:00~17:00', '목': '09:00~17:00', '금': '09:00~17:00'}",2023-02-03
55,23,내과,https://randomuser.me/api/portraits/men/5.jpg,최예준,ZoeChoi@naver.com,672092,031-550-8987,남,서울대 의대 졸업 (2019년),"{'월': '휴진', '화': '09:00~17:00', '수': '09:00~17:00', '목': '09:00~17:00', '금': '09:00~17:00'}",2022-04-21
56,23,외과,https://randomuser.me/api/portraits/women/47.jpg,정영철,ZoeJung@naver.com,423232,031-550-8987,여,고려대 의대 졸업 (2018년),"{'월': '휴진', '화': '09:00~17:00', '수': '09:00~17:00', '목': '09:00~17:00', '금': '09:00~17:00'}",2024-01-02
57,23,내과,https://randomuser.me/api/portraits/men/14.jpg,양성진,LoganYang@gmail.com,799330,031-550-8987,남,단국대 의대 졸업 (2019년),"{'월': '09:00~17:00', '화': '09:00~17:00', '수': '휴진', '목': '09:00~17:00', '금': '09:00~17:00'}",2024-04-11
58,24,내과,https://randomuser.me/api/portraits/men/23.jpg,이지민,AlexanderLee@gmail.com,938742,031-590-4471,남,고려대 의대 졸업 (2019년),"{'월': '09:00~17:00', '화': '09:00~17:00', '수': '09:00~17:00', '목': '09:00~17:00', '금': '휴진'}",2022-11-18
59,24,외과,https://randomuser.me/api/portraits/men/53.jpg,박준호,MasonPark@naver.com,920391,031-590-4471,남,단국대 의대 졸업 (2020년),"{'월': '09:00~17:00', '화': '휴진', '수': '09:00~17:00', '목': '09:00~17:00', '금': '09:00~17:00'}",2023-07-02
60,24,내과,https://randomuser.me/api/portraits/men/5.jpg,박진호,JamesPark@gmail.com,501124,031-590-4471,남,연세대 의대 졸업 (2018년),"{'월': '09:00~17:00', '화': '09:00~17:00', '수': '휴진', '목': '09:00~17:00', '금': '09:00~17:00'}",2022-07-06
61,24,외과,https://randomuser.me/api/portraits/men/40.jpg,이동현,HenryLee@naver.com,466643,031-590-4471,남,연세대 의대 졸업 (2021년),"{'월': '휴진', '화': '09:00~17:00', '수': '09:00~17:00', '목': '09:00~17:00', '금': '09:00~17:00'}",2022-10-19
62,25,내과,https://randomuser.me/api/portraits/men/43.jpg,김정수,ZoeKim@naver.com,517821,031-8036-6025,남,단국대 의대 졸업 (2019년),"{'월': '09:00~17:00', '화': '09:00~17:00', '수': '휴진', '목': '09:00~17:00', '금': '09:00~17:00'}",2022-02-03
63,25,외과,https://randomuser.me/api/portraits/women/87.jpg,김지혜,LiamKim@naver.com,519093,031-8036-6025,여,세종대 의대 졸업 (2022년),"{'월': '휴진', '화': '09:00~17:00', '수': '09:00~17:00', '목': '09:00~17:00', '금': '09:00~17:00'}",2022-04-10
64,26,내과,https://randomuser.me/api/portraits/men/75.jpg,박중수,EmmaPark@gmail.com,287241,031-310-5815,남,서울대 의대 졸업 (2020년),"{'월': '09:00~17:00', '화': '09:00~17:00', '수': '09:00~17:00', '목': '휴진', '금': '09:00~17:00'}",2024-03-02
65,26,외과,https://randomuser.me/api/portraits/men/94.jpg,최정훈,MiaChoi@naver.com,462479,031-310-5815,남,건국대 의대 졸업 (2021년),"{'월': '09:00~17:00', '화': '09:00~17:00', '수': '09:00~17:00', '목': '09:00~17:00', '금': '휴진'}",2024-01-15
66,27,내과,https://randomuser.me/api/portraits/men/33.jpg,윤춘자,NoraYoon@gmail.com,299312,031-461-5465,남,한양대 의대 졸업 (2022년),"{'월': '09:00~17:00', '화': '09:00~17:00', '수': '09:00~17:00', '목': '09:00~17:00', '금': '휴진'}",2024-05-25
67,27,외과,https://randomuser.me/api/portraits/men/93.jpg,서현숙,EmmaSeo@gmail.com,820221,031-461-5465,남,건국대 의대 졸업 (2022년),"{'월': '09:00~17:00', '화': '09:00~17:00', '수': '09:00~17:00', '목': '09:00~17:00', '금': '휴진'}",2022-09-23
68,27,내과,https://randomuser.me/api/portraits/women/41.jpg,최성진,VictoriaChoi@gmail.com,753425,031-461-5465,여,서울대 의대 졸업 (2020년),"{'월': '휴진', '화': '09:00~17:00', '수': '09:00~17:00', '목': '09:00~17:00', '금': '09:00~17:00'}",2023-01-16
69,27,외과,https://randomuser.me/api/portraits/women/52.jpg,이미영,JamesLee@gmail.com,442027,031-461-5465,여,단국대 의대 졸업 (2021년),"{'월': '휴진', '화': '09:00~17:00', '수': '09:00~17:00', '목': '09:00~17:00', '금': '09:00~17:00'}",2022-06-02
70,28,내과,https://randomuser.me/api/portraits/men/96.jpg,최지훈,BenjaminChoi@naver.com,810219,031-345-3541,남,한양대 의대 졸업 (2021년),"{'월': '09:00~17:00', '화': '09:00~17:00', '수': '09:00~17:00', '목': '09:00~17:00', '금': '휴진'}",2023-07-08
71,28,외과,https://randomuser.me/api/portraits/women/37.jpg,김보람,BenjaminKim@gmail.com,418635,031-345-3541,여,건국대 의대 졸업 (2018년),"{'월': '휴진', '화': '09:00~17:00', '수': '09:00~17:00', '목': '09:00~17:00', '금': '09:00~17:00'}",2023-02-26
72,29,내과,https://randomuser.me/api/portraits/women/87.jpg,송정훈,VictoriaSong@gmail.com,563638,031-790-6555,여,한양대 의대 졸업 (2021년),"{'월': '09:00~17:00', '화': '휴진', '수': '09:00~17:00', '목': '09:00~17:00', '금': '09:00~17:00'}",2023-11-23
73,30,내과,https://randomuser.me/api/portraits/men/66.jpg,김미정,EmilyKim@gmail.com,397571,1577-1122,남,단국대 의대 졸업 (2018년),"{'월': '09:00~17:00', '화': '09:00~17:00', '수': '09:00~17:00', '목': '휴진', '금': '09:00~17:00'}",2023-12-19
74,30,외과,https://randomuser.me/api/portraits/men/40.jpg,엄상호,OliviaUm@gmail.com,805477,1577-1122,남,연세대 의대 졸업 (2019년),"{'월': '09:00~17:00', '화': '09:00~17:00', '수': '휴진', '목': '09:00~17:00', '금': '09:00~17:00'}",2022-06-13
75,31,내과,https://randomuser.me/api/portraits/men/61.jpg,최명숙,DanielChoi@naver.com,356736,1577-1122,남,서울대 의대 졸업 (2018년),"{'월': '09:00~17:00', '화': '09:00~17:00', '수': '휴진', '목': '09:00~17:00', '금': '09:00~17:00'}",2023-09-02
76,31,외과,https://randomuser.me/api/portraits/women/92.jpg,남지현,LiamNam@naver.com,303880,1577-1122,여,한양대 의대 졸업 (2022년),"{'월': '09:00~17:00', '화': '09:00~17:00', '수': '09:00~17:00', '목': '휴진', '금': '09:00~17:00'}",2023-10-04
77,31,내과,https://randomuser.me/api/portraits/women/89.jpg,박예원,LaylaPark@gmail.com,787926,1577-1122,여,고려대 의대 졸업 (2019년),"{'월': '09:00~17:00', '화': '휴진', '수': '09:00~17:00', '목': '09:00~17:00', '금': '09:00~17:00'}",2023-02-24
78,32,내과,https://randomuser.me/api/portraits/women/90.jpg,김진우,HarperKim@naver.com,943170,1577-1122,여,고려대 의대 졸업 (2019년),"{'월': '09:00~17:00', '화': '09:00~17:00', '수': '09:00~17:00', '목': '09:00~17:00', '금': '휴진'}",2024-04-23
79,32,외과,https://randomuser.me/api/portraits/men/16.jpg,이예진,LeviLee@gmail.com,989545,1577-1122,남,건국대 의대 졸업 (2019년),"{'월': '09:00~17:00', '화': '09:00~17:00', '수': '09:00~17:00', '목': '휴진', '금': '09:00~17:00'}",2023-09-14
80,33,내과,https://randomuser.me/api/portraits/women/77.jpg,김준혁,LeviKim@naver.com,686075,031-940-4800,여,단국대 의대 졸업 (2022년),"{'월': '09:00~17:00', '화': '09:00~17:00', '수': '휴진', '목': '09:00~17:00', '금': '09:00~17:00'}",2022-05-04
81,33,외과,https://randomuser.me/api/portraits/women/21.jpg,김하윤,MadisonKim@gmail.com,567574,031-940-4800,여,연세대 의대 졸업 (2022년),"{'월': '09:00~17:00', '화': '09:00~17:00', '수': '휴진', '목': '09:00~17:00', '금': '09:00~17:00'}",2024-04-14
82,33,내과,https://randomuser.me/api/portraits/women/82.jpg,최성진,JacobChoi@gmail.com,980660,031-940-4800,여,연세대 의대 졸업 (2019년),"{'월': '휴진', '화': '09:00~17:00', '수': '09:00~17:00', '목': '09:00~17:00', '금': '09:00~17:00'}",2022-01-31
83,34,내과,https://randomuser.me/api/portraits/men/92.jpg,조진호,IsaacCho@gmail.com,181247,031-678-5710,남,세종대 의대 졸업 (2021년),"{'월': '09:00~17:00', '화': '09:00~17:00', '수': '09:00~17:00', '목': '휴진', '금': '09:00~17:00'}",2022-12-11
84,34,외과,https://randomuser.me/api/portraits/women/11.jpg,이지혜,ChloeLee@naver.com,666390,031-678-5710,여,세종대 의대 졸업 (2020년),"{'월': '09:00~17:00', '화': '09:00~17:00', '수': '09:00~17:00', '목': '휴진', '금': '09:00~17:00'}",2022-10-01
85,35,내과,https://randomuser.me/api/portraits/men/28.jpg,김정남,LoganKim@naver.com,840734,031-5186-4007,남,한양대 의대 졸업 (2019년),"{'월': '09:00~17:00', '화': '09:00~17:00', '수': '09:00~17:00', '목': '09:00~17:00', '금': '휴진'}",2022-08-14
86,35,외과,https://randomuser.me/api/portraits/women/54.jpg,김시우,LoganKim@gmail.com,588557,031-5186-4007,여,세종대 의대 졸업 (2022년),"{'월': '09:00~17:00', '화': '휴진', '수': '09:00~17:00', '목': '09:00~17:00', '금': '09:00~17:00'}",2024-05-27
87,35,내과,https://randomuser.me/api/portraits/women/3.jpg,민시우,EmilyMin@naver.com,829308,031-5186-4007,여,한양대 의대 졸업 (2022년),"{'월': '09:00~17:00', '화': '휴진', '수': '09:00~17:00', '목': '09:00~17:00', '금': '09:00~17:00'}",2022-03-25
88,36,내과,https://randomuser.me/api/portraits/women/97.jpg,이준서,SamuelLee@gmail.com,413118,031-5189-2551,여,서울대 의대 졸업 (2020년),"{'월': '09:00~17:00', '화': '09:00~17:00', '수': '09:00~17:00', '목': '휴진', '금': '09:00~17:00'}",2023-07-01
89,36,외과,https://randomuser.me/api/portraits/men/56.jpg,박승민,CharlottePark@gmail.com,386193,031-5189-2551,남,한양대 의대 졸업 (2019년),"{'월': '09:00~17:00', '화': '09:00~17:00', '수': '09:00~17:00', '목': '휴진', '금': '09:00~17:00'}",2022-11-19
90,36,내과,https://randomuser.me/api/portraits/women/22.jpg,김동현,EmilyKim@naver.com,859359,031-5189-2551,여,세종대 의대 졸업 (2021년),"{'월': '09:00~17:00', '화': '09:00~17:00', '수': '09:00~17:00', '목': '09:00~17:00', '금': '휴진'}",2023-02-18
91,36,외과,https://randomuser.me/api/portraits/men/85.jpg,장정수,VictoriaJang@naver.com,691807,031-5189-2551,남,한양대 의대 졸업 (2022년),"{'월': '09:00~17:00', '화': '09:00~17:00', '수': '휴진', '목': '09:00~17:00', '금': '09:00~17:00'}",2024-02-13
92,37,내과,https://randomuser.me/api/portraits/women/7.jpg,김지영,MadisonKim@naver.com,290556,031-760-2110,여,고려대 의대 졸업 (2021년),"{'월': '09:00~17:00', '화': '09:00~17:00', '수': '09:00~17:00', '목': '09:00~17:00', '금': '휴진'}",2023-07-11
93,37,외과,https://randomuser.me/api/portraits/women/44.jpg,최정남,JamesChoi@gmail.com,442722,031-760-2110,여,고려대 의대 졸업 (2021년),"{'월': '09:00~17:00', '화': '휴진', '수': '09:00~17:00', '목': '09:00~17:00', '금': '09:00~17:00'}",2023-06-09
94,38,내과,https://randomuser.me/api/portraits/women/3.jpg,박영진,MadisonPark@gmail.com,593152,031-8082-7770,여,세종대 의대 졸업 (2018년),"{'월': '휴진', '화': '09:00~17:00', '수': '09:00~17:00', '목': '09:00~17:00', '금': '09:00~17:00'}",2024-03-30
95,38,외과,https://randomuser.me/api/portraits/women/84.jpg,김순자,NoahKim@naver.com,919182,031-8082-7770,여,고려대 의대 졸업 (2018년),"{'월': '09:00~17:00', '화': '09:00~17:00', '수': '09:00~17:00', '목': '휴진', '금': '09:00~17:00'}",2022-07-30
96,39,내과,https://randomuser.me/api/portraits/men/20.jpg,배건우,EllaBae@naver.com,751517,031-770-3524,남,고려대 의대 졸업 (2018년),"{'월': '09:00~17:00', '화': '09:00~17:00', '수': '09:00~17:00', '목': '09:00~17:00', '금': '휴진'}",2024-02-01
97,33,내과,https://example.com/profile/849371.jpg,정예슬,jungyesle@gmail.com,849371,031-940-4800,여,서울대학교의과대학2019년졸업,"{'월': '09:00~17:00', '화': '09:00~17:00', '수': '09:00~17:00', '목': '09:00~17:00', '금': '휴진'}",2023-04-17
98,37,외과,https://example.com/profile/217583.jpg,윤지현,yoonjihyun@naver.com,217583,031-5189-2551,남,한양대학교의과대학2020년졸업,"{'월': '09:00~17:00', '화': '휴진', '수': '09:00~17:00', '목': '09:00~17:00', '금': '09:00~17:00'}",2022-07-01
99,39,내과,https://example.com/profile/602194.jpg,강세진,kangsejin@gmail.com,602194,031-8082-7770,여,고려대학교의과대학2021년졸업,"{'월': '09:00~17:00', '화': '09:00~17:00', '수': '09:00~17:00', '목': '09:00~17:00', '금': '휴진'}",2024-03-22
100,29,외과,https://example.com/profile/764203.jpg,조하린,joharin@gmail.com,764203,031-790-6555,여,연세대학교 의과대학 2022년 졸업,"{'월': '09:00~17:00', '화': '09:00~17:00', '수': '09:00~17:00', '목': '09:00~17:00', '금': '휴진'}",2023-10-04